,diffusion,IForest,OCSVM,CBLOF,COF,COPOD,ECOD,FeatureBagging,HBOS,KNN,LODA,LOF,MCD,PCA,SOD,SOGAAL,DeepSVDD,DAGMM,AutoEncoder,VAE,diffusion_t_uniformn,diffusion_no_mean,diffusion_slow,diffusion_4
count,47.0,47.0,47.0,47.0,47.0,47.0,47.0,47.0,47.0,47.0,47.0,47.0,47.0,47.0,47.0,47.0,47.0,47.0,47.0,47.0,47.0,47.0,47.0,47.0
mean,9.25531914893617,9.851063829787234,7.127659574468085,7.680851063829787,19.148936170212767,13.170212765957446,12.148936170212766,8.851063829787234,11.02127659574468,5.446808510638298,13.53191489361702,7.829787234042553,11.319148936170214,10.27659574468085,20.0,20.04255319148936,11.148936170212766,14.53191489361702,18.872340425531913,19.46808510638298,8.872340425531915,8.0,10.127659574468085,8.829787234042554
std,6.693501342497561,4.476891018495912,4.008778526296441,3.8567072178598574,3.488980936333424,5.15970655104309,5.774677568278277,6.817428826191368,5.126611567201291,3.537430353521176,4.053184812346241,6.066010611295964,5.485579446935405,5.186529909962731,1.841549442134554,1.8645135373080055,5.882836950213196,4.95567774432952,3.6630767613922575,3.20902981295368,5.097386462801927,4.8003623051671385,5.020033869955876,4.756319132782931
min,1.0,1.0,1.0,1.0,1.0,1.0,1.0,1.0,1.0,1.0,3.0,1.0,1.0,1.0,9.0,9.0,1.0,2.0,4.0,2.0,1.0,1.0,1.0,2.0
25%,3.0,8.0,4.0,6.0,20.0,10.5,8.0,2.5,7.0,2.5,12.0,2.5,7.5,6.0,20.0,20.0,7.5,12.5,20.0,20.0,5.0,3.5,6.5,5.0
50%,6.0,10.0,7.0,7.0,20.0,15.0,13.0,7.0,12.0,5.0,13.0,6.0,11.0,11.0,20.0,20.0,12.0,16.0,20.0,20.0,9.0,7.0,10.0,8.0
75%,15.5,13.0,9.0,9.5,20.0,17.0,17.5,17.0,14.5,8.5,17.0,13.5,16.0,14.5,20.0,20.0,16.0,18.0,20.0,20.0,13.0,12.0,14.0,11.5
max,20.0,19.0,16.0,20.0,22.0,19.0,20.0,20.0,19.0,13.0,19.0,21.0,20.0,19.0,23.0,23.0,19.0,21.0,23.0,23.0,19.0,18.0,19.0,21.0
