,diffusion,IForest,OCSVM,CBLOF,COF,COPOD,ECOD,FeatureBagging,HBOS,KNN,LODA,LOF,MCD,PCA,SOD,SOGAAL,DeepSVDD,AutoEncoder,VAE,diffusion_t_uniform,diffusion_no_mean,diffusion_slow,diffusion_4
count,47.0,47.0,47.0,47.0,47.0,47.0,47.0,47.0,47.0,47.0,47.0,47.0,47.0,47.0,47.0,47.0,47.0,47.0,47.0,47.0,47.0,47.0,47.0
mean,7.9787234042553195,9.617021276595745,7.085106382978723,7.25531914893617,17.04255319148936,11.97872340425532,11.957446808510639,7.914893617021277,10.51063829787234,5.148936170212766,12.170212765957446,7.382978723404255,10.297872340425531,9.446808510638299,17.893617021276597,17.914893617021278,10.340425531914894,16.72340425531915,17.4468085106383,7.787234042553192,7.468085106382978,9.53191489361702,7.8936170212765955
std,6.194279835679141,4.204310373524862,3.843853293325663,3.5414814212133403,4.075149753495387,4.807102361868718,5.3281755047169455,6.0642566024707865,5.299189193212288,3.394232470096086,3.8971514063712376,5.487349845382963,4.894161977459432,4.417398952552616,2.8455460433669617,2.8653081421212274,5.638673123847029,4.475547708330983,3.7752541557881316,4.858592434443675,4.447036452514276,4.889434322352582,4.23871413312017
min,1.0,1.0,1.0,1.0,1.0,2.0,1.0,1.0,1.0,1.0,3.0,1.0,1.0,1.0,7.0,7.0,1.0,2.0,4.0,1.0,1.0,1.0,1.0
25%,2.0,7.0,5.0,5.0,17.5,8.0,8.5,2.0,5.5,2.0,10.0,3.0,7.0,6.0,18.0,18.0,6.5,17.0,18.0,4.0,4.0,6.5,4.5
50%,6.0,10.0,7.0,7.0,19.0,14.0,13.0,6.0,12.0,5.0,12.0,5.0,10.0,10.0,19.0,19.0,10.0,19.0,19.0,7.0,7.0,10.0,8.0
75%,14.0,12.5,10.0,9.5,19.0,16.0,17.0,13.0,15.0,7.0,15.0,12.0,15.0,13.0,19.0,19.0,15.5,19.0,19.0,11.0,11.5,13.0,10.0
max,18.0,18.0,15.0,16.0,21.0,18.0,18.0,19.0,18.0,13.0,18.0,20.0,19.0,17.0,22.0,22.0,18.0,22.0,22.0,18.0,16.0,18.0,18.0
